Handle,Title,Body (HTML),Vendor,Product Category,Type,Tags,Published,Option1 Name,Option1 Value,Option1 Linked To,Option2 Name,Option2 Value,Option2 Linked To,Option3 Name,Option3 Value,Option3 Linked To,Variant SKU,Variant Grams,Variant Inventory Tracker,Variant Inventory Qty,Variant Inventory Policy,Variant Fulfillment Service,Variant Price,Variant Compare At Price,Variant Requires Shipping,Variant Taxable,Variant Barcode,Image Src,Image Position,Image Alt Text,Gift Card,SEO Title,SEO Description,Google Shopping / Google Product Category,Google Shopping / Gender,Google Shopping / Age Group,Google Shopping / MPN,Google Shopping / Condition,Google Shopping / Custom Product,Google Shopping / Custom Label 0,Google Shopping / Custom Label 1,Google Shopping / Custom Label 2,Google Shopping / Custom Label 3,Google Shopping / Custom Label 4,Google: Custom Product (product.metafields.mm-google-shopping.custom_product),Age group (product.metafields.shopify.age-group),Color (product.metafields.shopify.color-pattern),Constitutive ingredients (product.metafields.shopify.constitutive-ingredients),Cosmetic function (product.metafields.shopify.cosmetic-function),File shape (product.metafields.shopify.file-shape),Material (product.metafields.shopify.material),Package type (product.metafields.shopify.package-type),Product form (product.metafields.shopify.product-form),Scent (product.metafields.shopify.scent),Suitable for skin type (product.metafields.shopify.suitable-for-skin-type),Complementary products (product.metafields.shopify--discovery--product_recommendation.complementary_products),Related products (product.metafields.shopify--discovery--product_recommendation.related_products),Related products settings (product.metafields.shopify--discovery--product_recommendation.related_products_display),Variant Image,Variant Weight Unit,Variant Tax Code,Cost per item,Included / Canada,Price / Canada,Compare At Price / Canada,Included / International,Price / International,Compare At Price / International,Included / United States,Price / United States,Compare At Price / United States,Status
pumice-stone,Pumice Stone,"<ul class=""tabs-content"">
<li class=""active"" id=""tab1"">
<p>The balance of abrasiveness, softness and longevity make pumice stone a perfect natural alternative that will keep your feet soft and supple. A natural pumice stone will not wear out and can be soaked in hot, soapy water overnight for cleaning. It works far better than synthetic pumice, which is commonly seen on foot files and brushes.</p>
</li>
<li class=""active"">A definite must have for your foot care collection.</li>
</ul>",SPIRIT BEAUTY,Health & Beauty > Personal Care > Cosmetics > Cosmetic Tools > Skin Care Tools > Foot Files,"","",true,Title,Default Title,,,,,,,,"",0.0,shopify,13,deny,manual,4.00,,true,true,,https://cdn.shopify.com/s/files/1/0880/8294/0204/files/726BA9A8-D65C-4430-85F5-B30EC1CB1043.jpg?v=1724016646,1,"",false,,,,,,,,,,,,,,,,,,,oval,stone,,,,,,,,,kg,,,true,,,true,,,true,,,active
giving-back,Giving Back,"<p class=""cvGsUA direction-ltr align-center para-style-body""><span class=""OYPEnA font-feature-liga-off font-feature-clig-off font-feature-calt-off text-decoration-none text-strikethrough-none"">Supporting and actively engaging with the Indigenous community held significant importance in the life of Milissa's mother, whose legacy inspired the establishment of SPIRIT BEAUTY. At SPIRIT BEAUTY, we remain committed to upholding this legacy by continuing to support and empower the Indigenous community. We take pride in allocating 10% of all profits towards organizations such as MISSING AND MURDERED INDIGENOUS WOMEN &amp; GIRLS, alongside other charities, in honor of Helen's SPIRIT.</span></p>
<p class=""cvGsUA direction-ltr align-center para-style-body""> </p>
<p class=""cvGsUA direction-ltr align-center para-style-body""><span class=""OYPEnA font-feature-liga-off font-feature-clig-off font-feature-calt-off text-decoration-none text-strikethrough-none"">             SPIRIT BEAUTY: Not only where you buy, but where you make a difference! </span></p>
<!---->",SPIRIT BEAUTY,Health & Beauty > Health Care,"","",true,Title,Default Title,,,,,,,,"",0.0,shopify,0,deny,manual,0.00,,true,true,"",https://cdn.shopify.com/s/files/1/0880/8294/0204/files/give_1199796265-1080x627.jpg?v=1724010488,1,"",false,,,,,,,,,,,,,,,,,,,,wood,,,,,,,,,kg,,,true,,,true,,,true,,,active
ease-magnesium-mist-copy,Ease Magnesium Mist,"<div class=""row item-row"">
<div class=""col-xs-24"">
<h3><span>Suggested Use</span></h3>
<div class=""prodOverviewDetail"">
<p>Spray 2-5 times onto your skin and massage the area. Magnesium Topical Spray may feel slightly oily, and an itchy sensation may occur (generally if your body is low in Magnesium) after application, but it is not an oil and will absorb quickly. You may see white residue from around the applied areas; this is just leftover salt that can be wiped off. For a foot soak add 1-2 oz. to warm water and soak feet for 20-30 minutes. </p>
<p>Caution: Do not apply to open wounds, cuts, or scratches. If burning or irritation occurs, please discontinue use immediately. For external use only.</p>
</div>
</div>
</div>
<div class=""row item-row"">
<div class=""col-xs-24""><br></div>
</div>
<!---->",SPIRIT BEAUTY,Health & Beauty,magnesium,"",true,Title,Default Title,,,,,,,,,141.747615625,shopify,10,deny,manual,14.00,,true,true,,https://cdn.shopify.com/s/files/1/0880/8294/0204/files/image_29d163ba-135d-4ba6-a75b-8e484e62c82b.jpg?v=1723410552,1,"",false,,,,,,,,,,,,,,,,,,,,,,,,,,,,,oz,,3.00,true,,,true,,,true,,,active
ease-magnesium-mist-copy,,,,,,,,,,,,,,,,,,,,,,,,,,,,https://cdn.shopify.com/s/files/1/0880/8294/0204/files/image_37053ed0-7ec9-4c53-9294-c486090c6e61.jpg?v=1723410628,2,"",,,,,,,,,,,,,,,,,,,,,,,,,,,,,,,,,,,,,,,,,,
lucious-lip-balms,Lucious Lip Balms,,SPIRIT BEAUTY,,"","",false,Title,Default Title,,,,,,,,"",0.0,,0,deny,manual,0.00,,true,true,,https://cdn.shopify.com/s/files/1/0880/8294/0204/files/image_b2134fe8-b96d-47d2-a0c2-5158db9729bd.jpg?v=1723412518,1,"",false,,,,,,,,,,,,,,,,,,,,,,,,,,,,,kg,,,true,,,true,,,true,,,draft
lucious-lip-balms,,,,,,,,,,,,,,,,,,,,,,,,,,,,https://cdn.shopify.com/s/files/1/0880/8294/0204/files/image_c0e59cf9-168d-4299-987b-ee19936e33fc.jpg?v=1723412541,2,"",,,,,,,,,,,,,,,,,,,,,,,,,,,,,,,,,,,,,,,,,,
soothing-peppermint-foot-scrub,Refreshing Peppermint Foot Scrub,"<p class=""cvGsUA direction-ltr align-center para-style-body""><span class=""OYPEnA font-feature-liga-off font-feature-clig-off font-feature-calt-off text-decoration-none text-strikethrough-none"">For feet that hit the pedometer hard - here’s some much-needed TLC - our Peppermint Reviving Pumice Foot Scrub. It buffs away hard skin and dry patches, helping to freshen up active feet and putting tingles in tired toes.</span></p>
<p class=""cvGsUA direction-ltr align-center para-style-body""> </p>
<p class=""cvGsUA direction-ltr align-center para-style-body""><span class=""OYPEnA font-feature-liga-off font-feature-clig-off font-feature-calt-off text-decoration-none text-strikethrough-none"">Whether you’re pounding the pavements or the treadmill, have you noticed how much of a daily bashing our poor feet get? The flip side of feet is that they’re super-sensitive, home to 200,000 nerve endings - some people report their feet as highly ticklish or erogenous. These sensitive soles are calling out for a rejuvenating peppermint foot scrub!</span></p>
<p class=""cvGsUA direction-ltr align-center para-style-body""> </p>
<p class=""cvGsUA direction-ltr align-center para-style-body""><span class=""OYPEnA font-feature-liga-off font-feature-clig-off font-feature-calt-off text-decoration-none text-strikethrough-none"">So, we’re celebrating fantastic feet and peppermint for feet with SPIRIT BEAUTY’S foot scrub, enriched with an enlivening combination of peppermint essence oil and exfoliating volcanic rock (Pumice) granules. Our peppermint foot scrub gets to work on the hard skin that builds up on the soles of your feet. Achy feet can be brought back to life with an exfoliating foot scrub - so treat them to a night off in a warm bowl of water with foot scrubs, until they’re feeling rested, rejuvenated, and cared for.</span></p>
<p class=""cvGsUA direction-ltr align-center para-style-body""> </p>
<p class=""cvGsUA direction-ltr align-center para-style-body""><span class=""OYPEnA font-feature-liga-off font-feature-clig-off font-feature-calt-off text-decoration-none text-strikethrough-none"">NGREDIENTS: Sucrose (Sugar), Aqua (Distilled Water), Prunus Amygdalus Dulcis <strong>(Sweet Almond) Oil</strong>, Prunus Armeniaca (Apricot) Kernel Oil, Carthamus Tinctorius (Safflower) Seed Oil, Simmondsia Chinensis, (Jojoba) Seed Oil, Cetearyl Olivate, Sorbitan Olivate, (Olive M), Parfum (Fragrance), Benzyl Alcohol (and) Salicylic Acid (and) Glycerin (and) Sorbic Acid (Geogard ECT Natural Broad-Spectrum Preservative), Mentha Piperita (Peppermint Essential Oil).</span></p>
<p class=""cvGsUA direction-ltr align-center para-style-body""> </p>
<!---->",SPIRIT BEAUTY,Health & Beauty,"","",true,Title,Default Title,,,,,,,,"",212.6214234375,shopify,10,deny,manual,18.00,,true,true,,https://cdn.shopify.com/s/files/1/0880/8294/0204/files/image_4efa20ab-030a-4bf9-a931-5707d9e3eb14.jpg?v=1723412378,1,"",false,,,,,,,,,,,,,,,,,,,,,,,,,,,,,oz,,3.00,true,,,true,,,true,,,active
soothing-peppermint-foot-scrub,,,,,,,,,,,,,,,,,,,,,,,,,,,,https://cdn.shopify.com/s/files/1/0880/8294/0204/files/Foot_Scrub.jpg?v=1723413834,2,"",,,,,,,,,,,,,,,,,,,,,,,,,,,,,,,,,,,,,,,,,,
ease-magnesium-mist,Ease Magnesium Mist,"<div class=""row item-row"">
<div class=""col-xs-24"">
<h3><span>Suggested Use</span></h3>
<div class=""prodOverviewDetail"">
<p>Spray 2-5 times onto your skin and massage the area. Magnesium Topical Spray may feel slightly oily, and an itchy sensation may occur (generally if your body is low in Magnesium) after application, but it is not an oil and will absorb quickly. You may see white residue from around the applied areas; this is just leftover salt that can be wiped off. For a foot soak add 1-2 oz. to warm water and soak feet for 20-30 minutes. </p>
<p>Caution: Do not apply to open wounds, cuts, or scratches. If burning or irritation occurs, please discontinue use immediately. For external use only.</p>
</div>
</div>
</div>
<div class=""row item-row"">
<div class=""col-xs-24""><br></div>
</div>
<!---->",SPIRIT BEAUTY,Health & Beauty,"","",false,Title,Default Title,,,,,,,,"",141.747615625,shopify,10,deny,manual,14.00,,true,true,,https://cdn.shopify.com/s/files/1/0880/8294/0204/files/image_29d163ba-135d-4ba6-a75b-8e484e62c82b.jpg?v=1723410552,1,"",false,,,,,,,,,,,,,,,,,,,,,,,,,,,,,oz,,3.00,true,,,true,,,true,,,active
ease-magnesium-mist,,,,,,,,,,,,,,,,,,,,,,,,,,,,https://cdn.shopify.com/s/files/1/0880/8294/0204/files/image_37053ed0-7ec9-4c53-9294-c486090c6e61.jpg?v=1723410628,2,"",,,,,,,,,,,,,,,,,,,,,,,,,,,,,,,,,,,,,,,,,,
body-fragrance-mist,Body Fragrance Mist,"",SPIRIT BEAUTY,Health & Beauty > Personal Care > Cosmetics > Perfumes & Colognes > Body Mists,"","",true,size,4 oz,,,,,,,,"",56.69904625,shopify,10,deny,manual,14.00,,true,true,"",https://cdn.shopify.com/s/files/1/0880/8294/0204/files/image_03b2d3bd-1a7a-4073-8b71-e7be7c19be80.jpg?v=1723410501,1,"",false,,,,,,,,,,,,,,,,,,,,,,,,,,,,,oz,,1.50,true,,,true,,,true,,,active
peaceful-room-linen-spray,Peaceful Room & Linen Spray,"<p> </p>
<p>Fill your home with fumes you trust. Commercial room sprays contain a lot of hidden toxic chemicals that harm your lungs, irritate your skin and are overall not good for your body.</p>
<p><span class=""SS_gjA"">This calming blend of Lavender and Amber will calm your senses. Fill</span><span class=""SS_gjA""> any space in your house with this relaxing and soothing blend. Spray around your room in the air, on curtains, pillows, clothing; anywhere you want this lovely scent. You can use it as often as you want, without any harmful effects. </span></p>
<p> </p>
<!---->",SPIRIT BEAUTY,Home & Garden > Decor > Home Fragrances > Air Fresheners,Room Spray,"",true,Title,Default Title,,,,,,,,"",113.3980925,shopify,6,deny,manual,12.00,,true,true,"",https://cdn.shopify.com/s/files/1/0880/8294/0204/files/IMG_1979.jpg?v=1721163269,1,"",false,,,,,,,,,,,,,,,,black,,,,,,,lavender,,,,,,oz,,,true,,,true,,,true,,,active
serenity-body-yogurt,Serenity Luxury Body Yogurt,"<p><span style=""font-size: 1rem;"">Introducing our Luxury Body Yogurt - a luxurious lotion that nourishes your skin with a light and creamy texture that your will most definitely fall in love with! Indulge in a velvety smooth experience that absorbs quickly, leaving your skin feeling soft and hydrated all day long. Embrace the goodness of Body Yogurt for a truly refreshing and revitalizing skincare routine.</span><br></p>
<p><span>Top: Hibiscus </span><br><span>Mid: Pink Dragonfruit</span><br><span>Base:  Vanilla</span><br></p>
<p class=""p1""><span class=""s1"">HOW TO USE</span></p>
<p class=""p1""><span class=""s1"">Apply after showering and daily as needed. Massage in circular motions until fully absorbed. A little goes a very long way!</span></p>
<p class=""p1""> </p>
<p class=""p1""><span class=""s1"">Star Ingredients:</span></p>
<p class=""p1""><span class=""s1"">Shea Butter: </span></p>
<p class=""p1""><span class=""s1"">Shea butter is an excellent hydrating, antioxidant and anti-inflammatory ingredient for softening, nourishing and protecting the skin. It increases moisture retention in the skin, resulting in revitalized</span></p>
<p class=""p2""><span class=""s1""></span><br></p>
<p class=""p1""><span class=""s1"">Jojoba Oil:</span></p>
<p class=""p1""><span class=""s1"">Rich in monounsaturated fatty acids and easily absorbed, the composition of jojoba oil is structurally similar to natural oils in the skin (sebum), has excellent emollient properties to maintain hydration and smooth your skin.</span></p>
<p class=""p2""><span class=""s1""></span><br></p>
<p class=""p1""><span class=""s2"">MCT oil: (Coconut oil)</span></p>
<p class=""p1""><span class=""s2"">With its deep hydrating capabilities, anti-inflammatory properties, nutrient-enhancing effects, and antioxidant-rich composition, MCT oil is a star ingredient all on its own! </span></p>
<p class=""p2""><span class=""s1""></span><br></p>
<p class=""p1""><span class=""s1"">Panthenol:</span></p>
<p class=""p1""><span class=""s1""> Is a humectant meaning it holds and binds water, and these properties mean that it is ideal when it comes to keeping water in the skin. It also works as an emollient which means it can moisturize and soothe the skin, as well as help, protect it from environmental factors and skin stresses. </span></p>
<p class=""p1""><span class=""s1"">Glycerin:</span></p>
<p class=""p1""><span class=""s1"">While glycerin is a moisturizing ingredient on its own, it’s even better when paired with other hydration-preserving elements like fellow Panthenol and humectant emollients like plant oils</span><span class=""s2"">.</span></p>
<p class=""p1""><span class=""s1"">Hydrated skin is one of the most straightforward pathways to healthy skin. So with a super-hydrating ingredient like glycerin, you can expect the skin to drink in all that moisture and the visible benefits to go along with it. Glycerin will also help your skin become softer yet stronger by <a href=""https://www.cnn.com/cnn-underscored/beauty/best-skin-barrier-creams"">keeping your skin barrier moisturized</a> and protected from environmental irritants.</span></p>
<p class=""p2""><span class=""s1""><br></span><br></p>
<p><span>Ingredients:</span></p>
<p><span>Aqua (Water), Butyrospermum Parkii (Shea Butter), Glycerin, Cetyl Alcohol, Caprylic/Capric Triglyceride (MCT (Coconut) Oil), Simmondsia Chinensis Seed Oil (Jojoba Oil), Cetearyl/Sorbitan Olivate (Olive M), Stearic Acid, Benzyl Alcohol (and) Salicylic Acid (and) Glycerin (and) Sorbic Acid (Eco/Geogard ECT), Tocopheryl Acetate (VitaminE), Panthenol, Parfum (Fragrance Oil).</span></p>
<p class=""p2""><span class=""s1""></span><br></p>
<p class=""p1""><span class=""s1"">Always formulated without: </span></p>
<p class=""p1""><span class=""s1"">Parabens,<span class=""Apple-converted-space"">  </span>Petroleum, Sulphates, Phthalates.</span></p>
<p class=""p2""> </p>
<!---->",SPIRIT BEAUTY,Health & Beauty > Personal Care > Cosmetics > Skin Care > Lotions & Moisturizers,"","",true,Title,Default Title,,,,,,,,,212.6214234375,shopify,6,deny,manual,20.00,,true,true,,https://cdn.shopify.com/s/files/1/0880/8294/0204/files/IMG_1953.jpg?v=1721149808,1,"",false,,,469,,,,,,,,,,,,,,,,,,,,,,,,,,oz,,,true,,,true,,,true,,,active
serenity-body-yogurt,,,,,,,,,,,,,,,,,,,,,,,,,,,,https://cdn.shopify.com/s/files/1/0880/8294/0204/files/IMG_1463_bf0de52a-19d2-4b75-b988-ede3f8087cff.jpg?v=1721149807,2,"",,,,,,,,,,,,,,,,,,,,,,,,,,,,,,,,,,,,,,,,,,
grounded-body-yogurt,Grounded Body Yogurt,"<p><span style=""font-size: 1rem;"">Introducing our Luxury Body Yogurt - a luxurious lotion that nourishes your skin with a light and creamy texture that your will most definitely fall in love with! Indulge in a velvety smooth experience that absorbs quickly, leaving your skin feeling soft and hydrated all day long. Embrace the goodness of Body Yogurt for a truly refreshing and revitalizing skincare routine.</span><br></p>
<p> </p>
<p class=""p1""><span class=""s1"">HOW TO USE</span></p>
<p class=""p1""><span class=""s1"">Apply after showering and daily as needed. Massage in circular motions until fully absorbed. A little goes a very long way!</span></p>
<p class=""p1""> </p>
<p class=""p1""><span class=""s1"">Star Ingredients:</span></p>
<p class=""p1""><span class=""s1"">Shea Butter: </span></p>
<p class=""p1""><span class=""s1"">Shea butter is an excellent hydrating, antioxidant and anti-inflammatory ingredient for softening, nourishing and protecting the skin. It increases moisture retention in the skin, resulting in revitalized</span></p>
<p class=""p2""><span class=""s1""></span><br></p>
<p class=""p1""><span class=""s1"">Jojoba Oil:</span></p>
<p class=""p1""><span class=""s1"">Rich in monounsaturated fatty acids and easily absorbed, the composition of jojoba oil is structurally similar to natural oils in the skin (sebum), has excellent emollient properties to maintain hydration and smooth your skin.</span></p>
<p class=""p2""><span class=""s1""></span><br></p>
<p class=""p1""><span class=""s2"">MCT oil: (Coconut oil)</span></p>
<p class=""p1""><span class=""s2"">With its deep hydrating capabilities, anti-inflammatory properties, nutrient-enhancing effects, and antioxidant-rich composition, MCT oil is a star ingredient all on its own! </span></p>
<p class=""p2""><span class=""s1""></span><br></p>
<p class=""p1""><span class=""s1"">Panthenol:</span></p>
<p class=""p1""><span class=""s1""> Is a humectant meaning it holds and binds water, and these properties mean that it is ideal when it comes to keeping water in the skin. It also works as an emollient which means it can moisturize and soothe the skin, as well as help, protect it from environmental factors and skin stresses. </span></p>
<p class=""p1""><span class=""s1"">Glycerin:</span></p>
<p class=""p1""><span class=""s1"">While glycerin is a moisturizing ingredient on its own, it’s even better when paired with other hydration-preserving elements like fellow Panthenol and humectant emollients like plant oils</span><span class=""s2"">.</span></p>
<p class=""p1""><span class=""s1"">Hydrated skin is one of the most straightforward pathways to healthy skin. So with a super-hydrating ingredient like glycerin, you can expect the skin to drink in all that moisture and the visible benefits to go along with it. Glycerin will also help your skin become softer yet stronger by <a href=""https://www.cnn.com/cnn-underscored/beauty/best-skin-barrier-creams"">keeping your skin barrier moisturized</a> and protected from environmental irritants.</span></p>
<p class=""p2""><span class=""s1""><br></span><br></p>
<p><span>Ingredients:</span></p>
<p><span>Aqua (Water), Butyrospermum Parkii (Shea Butter), Glycerin, Cetyl Alcohol, Caprylic/Capric Triglyceride (MCT (Coconut) Oil), Simmondsia Chinensis Seed Oil (Jojoba Oil), Cetearyl/Sorbitan Olivate (Olive M), Stearic Acid, Benzyl Alcohol (and) Salicylic Acid (and) Glycerin (and) Sorbic Acid (Eco/Geogard ECT), Tocopheryl Acetate (VitaminE), Panthenol, Parfum (Fragrance Oil).</span></p>
<p class=""p2""><span class=""s1""></span><br></p>
<p class=""p1""><span class=""s1"">Always formulated without: </span></p>
<p class=""p1""><span class=""s1"">Parabens,<span class=""Apple-converted-space"">  </span>Petroleum, Sulphates, Phthalates.</span></p>
<p class=""p2""> </p>
<!---->",SPIRIT BEAUTY,Health & Beauty,"","",true,Title,Default Title,,,,,,,,,218.2913280625,shopify,6,deny,manual,20.00,,true,true,,https://cdn.shopify.com/s/files/1/0880/8294/0204/files/IMG_1970.jpg?v=1721149180,1,"",false,,,469,,,,,,,,,,,,,,,,,,,,,,,,,,oz,,,true,,,true,,,true,,,active
grounded-body-yogurt,,,,,,,,,,,,,,,,,,,,,,,,,,,,https://cdn.shopify.com/s/files/1/0880/8294/0204/files/IMG_1463_a8f3fd77-94e8-440d-9fe6-2659d9ea9cff.jpg?v=1721149293,2,"",,,,,,,,,,,,,,,,,,,,,,,,,,,,,,,,,,,,,,,,,,
apricot-face-polish,Apricot Face Polish,"<p><span style=""font-size: 1rem;"">Smooth away dirt and oil with our relaxing and invigorating face scrub. Our formulation features all-natural Apricot Shells and exceptionally skin-friendly ingredients to gently exfoliate the skin, leaving it soft and radiant without stripping away precious natural oils. With its creamy rich, velvet-like texture SPIRIT BEAUTY’S scrub has been designed to be extremely cleansing, smoothing</span>  <span style=""font-size: 1rem;"">and hydrating.</span></p>
<p class=""p1""><span class=""s1"">At the core of the apricot scrub’s charm lies its remarkable ability to exfoliate and eliminate dead skin cells. The finely ground apricot kernels, when massaged onto the skin, work as gentle exfoliants, sloughing away the dull and lifeless outer layer. This process not only reveals a fresh, radiant complexion but also encourages cell turnover, promoting healthier skin from within.</span></p>
<p class=""p1""><span class=""s1"">Regular exfoliation with natural apricot scrub helps unclog pores, preventing the accumulation of debris that can lead to breakouts and a lackluster appearance. By bidding farewell to dead skin cells, you pave the way for a smoother and more vibrant complexion.</span></p>
<p> </p>
<p class=""p2""><span class=""s1"">Directions: Lather vigorously with water in palm of hand until creamy and foamy. Work gently over wet face or body. Rinse with warm water. Do not get into eyes.</span></p>
<p class=""p2""> </p>
<p class=""p1""><span class=""s1"">Disclaimer:</span><span class=""s2""> This Natural Apricot Shells face scrub is intended for external use only, avoid contact with eyes. If irritation occurs, discontinue use immediately and consult your physician.</span></p>
<!---->",SPIRIT BEAUTY,Health & Beauty > Personal Care > Cosmetics > Skin Care,"","",true,Title,Default Title,,,,,,,,"",141.747615625,shopify,6,deny,manual,12.00,,true,true,"",https://cdn.shopify.com/s/files/1/0880/8294/0204/files/IMG_1977.jpg?v=1718419726,1,"",false,,,567,,,,,,,,,,,,,,,,,,,,,,,,,,oz,,,true,,,true,,,true,,,active
apricot-face-polish,,,,,,,,,,,,,,,,,,,,,,,,,,,,https://cdn.shopify.com/s/files/1/0880/8294/0204/files/IMG_2130.jpg?v=1718419735,2,"",,,,,,,,,,,,,,,,,,,,,,,,,,,,,,,,,,,,,,,,,,
whisper-luxury-body-yogurt,Whisper Luxury Body Yogurt,"",SPIRIT BEAUTY,Health & Beauty > Personal Care > Cosmetics > Skin Care > Lotions & Moisturizers,"","",true,Title,Default Title,,,,,,,,"",212.6214234375,shopify,6,deny,manual,20.00,,true,true,"",https://cdn.shopify.com/s/files/1/0880/8294/0204/files/image.jpg?v=1723410403,1,"",false,,,2592,,,,,,,,,,,,adults,,jojoba-oil; coconut-oil,,,,jar,cream,,all-skin-types,,,,,oz,,,true,,,true,,,true,,,active
whisper-body-polish,Whisper Body Polish 10 oz,"<p class=""p1""><span class=""s1"">Treat your skin to a whipped creamy soap with sugar granules that will exfoliate, cleanse and moisturize all in one wonderful product.</span></p>
<p class=""p1""><span class=""s1"">.</span></p>
<p class=""p1""><span class=""s1""> </span><span style=""font-size: 1rem;"">Our formula is free of parabens, phthalates and sulfates. Made with only the best ingredients to nourish your skin while not harming you or the environment. <br></span></p>
<div class=""accordion__content rte"">
<div class=""metafield-rich_text_field"">
<p>Description: Immerse yourself in fresh tangerine,<span> crisp apple  and refreshing sea spray </span><span data-mce-fragment=""1"" class=""morecontent""><span data-mce-fragment=""1"">notes blended together to enhance and complete this fragrant accord. </span></span></p>
<p> </p>
<p data-mce-fragment=""1""> </p>
<p>Top- SWEET APPLE </p>
<p>Middle- FRESH TANGERINE </p>
<p>Bottom- SEA SPRAY </p>
<p> </p>
</div>
</div>
<!---->",SPIRIT BEAUTY,Health & Beauty > Personal Care > Cosmetics > Skin Care,Skincare,"",true,Title,Default Title,,,,,,,,,283.49523125,shopify,6,deny,manual,25.00,,true,true,,https://cdn.shopify.com/s/files/1/0880/8294/0204/files/IMG_1965.jpg?v=1718417584,1,"",false,,,2592,,,,,,,,,,,,,,,,,,,,,,,,,,oz,,,true,,,true,,,true,,,active
whisper-body-polish,,,,,,,,,,,,,,,,,,,,,,,,,,,,https://cdn.shopify.com/s/files/1/0880/8294/0204/files/IMG_2122_b87daf97-9b76-432d-bf65-df0f893d9cd5.jpg?v=1718417595,2,"",,,,,,,,,,,,,,,,,,,,,,,,,,,,,,,,,,,,,,,,,,
harmony-foaming-body-polish-copy,Tranquility Foaming Body Polish,"<p> </p>
<p class=""p1""><span class=""s1"">Treat your skin to a whipped creamy soap with sugar granules that will exfoliate, cleanse and moisturize all in one wonderful product.</span></p>
<p class=""p1""><span class=""s1""> </span><span style=""font-size: 1rem;"">What is a Foaming Body Polish?</span></p>
<p class=""p1""><span class=""s1"">A gentle and creamy soap base made with moisturizing coconut oil which is hand whipped to silky perfection and enhanced with sugar granules for gently sloughing off dead skin cells to reveal soft glowing skin.</span></p>
<p class=""p1""><span class=""s1""> </span><span style=""font-size: 1rem;"">Our formula is free of parabens, phthalates and sulfates. Made with only the best ingredients to nourish your skin while not harming you or the environment. </span></p>
<p class=""p2""><span style=""font-size: 1rem;"">DETAILS</span><br><span class=""s1""></span></p>
<p class=""p2""><span style=""font-size: 1rem;"">Each Sugar Scrub is 10oz and is packaged in a BPA-free, recyclable plastic jar. </span><br><span class=""s1""></span></p>
<p class=""p1""><span class=""s1"">Made is small batches to ensure freshness. Free of parabens, phthalates and is cruelty free.</span></p>
<p class=""p2""><span class=""s1""></span><br></p>
<p class=""p1""><span class=""s1"">This generous size jar is perfect for gift giving as bridesmaids gifts, birthdays, new moms, graduation and for anyone who needs a little reminder of how much they are loved.</span></p>
<p class=""p1""> </p>
<p class=""p1""><span class=""s1""><span>Description</span></span></p>
<div class=""cc-accordion-item__panel"">
<div class=""cc-accordion-item__content rte cf"">
<p>A delightful blend of lavender and anmber aromas intertwine with the gentle fragrance of bergamot.</p>
</div>
</div>
<p> Top: Lavender</p>
<p>Middle:  Amber </p>
<p>Bottom: Bergamot</p>
<p><strong>Notes:</strong></p>
<ul>
<li>Shelf life of 1 year from the time of purchase.</li>
<li>
<span></span>No Palm oil, phthalate, sulphate, petroleum and paraben</li>
<li>
<span></span>Only ever tested on willing humans</li>
<li>
<span></span>100% vegan</li>
<li>For external use only - do not eat</li>
</ul>
<p><strong>Direction/Uses:</strong></p>
<p><span data-mce-fragment=""1"">To use  apply desired amount to your palm or loofah and rub in circular motion on wet skin until sugar crystals are dissolved. Rinse thoroughly and follow with Luxury Body Yogurt, Body Butter, or Body Oil from our shop.</span> </p>
<p><span>INGREDIENTS: Sucrose (Sugar), Aqua (Distilled Water), Sodium Cocoyl Isethionate (Baby Foam), Cocos Nucifera (Coconut Oil), Simmondsia (Jojoba Oil), Glycerine, Coco Glucoside, Stearic Acid, Glyceryl Stearate (and) Cetearyl Alcohol (and) Sodium Stearyl Lactylate (ECO Cert Emulsifier), Benzyl Alcohol (and) Salicylic Acid (and) Glycerin (and) Sorbic Acid (Eco Cert Preservative), Propandiol, Parfume (Fragrance).</span></p>
<!---->",SPIRIT BEAUTY,Health & Beauty > Personal Care > Cosmetics > Skin Care,Body Polish,"",true,Title,Default Title,,,,,,,,,283.49523125,shopify,6,deny,manual,25.00,,true,true,,https://cdn.shopify.com/s/files/1/0880/8294/0204/files/IMG_1957_6185b59e-fc4c-49d6-8882-190bc82418bd.jpg?v=1718417201,1,"",false,,"Treat your skin to a whipped creamy soap with sugar granules that will exfoliate, cleanse and moisturize all in one wonderful product. What is a Foaming Body Polish? A gentle and creamy soap base made with moisturizing coconut oil which is hand whipped to silky perfection and enhanced with sugar granules for gently sloughing off dead skin cells to reveal soft glowing skin. Our formula is free of parabens, phthalates and sulfates. Made with only the best ingredients to nourish your skin while not harming you or the environment. 

DETAILS Each Sugar Scrub is 10oz and is packaged in a BPA-free, recyclable plastic jar. Made is small batches to ensure freshness. Free of parabens, phthalates, formaldehyde, and is cruelty free. This generous size jar is perfect for gift giving as bridesmaids gifts, birthdays, new moms, graduation and for anyone who needs a little reminder of how much they are loved. Gift bundles are also available.

 INGREDIENTS: Sucrose (Sugar), Aqua (Distilled Water), Sodium Cocoyl Isethionate (Baby Foam), Cocos Nucifera (Coconut Oil), Simmondsia (Jojoba Oil), Glycerine, Coco Glucoside, Stearic Acid, Glyceryl Stearate (and) Cetearyl Alcohol (and) Sodium Stearyl Lactylate (ECO Cert Emulsifier), Benzyl Alcohol (and) Salicylic Acid (and) Glycerin (and) Sorbic Acid (Eco Cert Preservative), Propandiol, Parfume (Fragrance).",567,,,,,,,,,,,,,,,,,,,,,,,,,,oz,,25.00,true,,,true,,,true,,,active
harmony-foaming-body-polish-copy,,,,,,,,,,,,,,,,,,,,,,,,,,,,https://cdn.shopify.com/s/files/1/0880/8294/0204/files/IMG_2122_a4806549-6e09-4e71-9ad2-43c385d81af2.jpg?v=1718417209,2,"",,,,,,,,,,,,,,,,,,,,,,,,,,,,,,,,,,,,,,,,,,
karma-luxury-body-yogurt,Karma Luxury Body Yogurt,"<p><span style=""font-size: 1rem;"">Introducing our Luxury Body Yogurt - a luxurious lotion that nourishes your skin with a light and creamy texture that your will most definitely fall in love with! Indulge in a velvety smooth experience that absorbs quickly, leaving your skin feeling soft and hydrated all day long. Embrace the natural goodness of our Body Yogurt for a truly refreshing and revitalizing skincare routine.</span><br></p>
<p> </p>
<p class=""p1""><span class=""s1"">HOW TO USE</span></p>
<p class=""p1""><span class=""s1"">Apply after showering and daily as needed. Massage in circular motions until fully absorbed. A little goes a very long way!</span></p>
<p class=""p1""> </p>
<p class=""p1""><span class=""s1"">STAR INGREDIENTS </span></p>
<p class=""p1""><span class=""s1"">Shea butter is an excellent hydrating, antioxidant and anti-inflammatory ingredient for softening, nourishing and protecting the skin. It increases moisture retention in the skin, resulting in revitalized</span></p>
<p class=""p2""><span class=""s1""></span><br></p>
<p class=""p1""><span class=""s1"">Jojoba Oil:</span></p>
<p class=""p1""><span class=""s1"">Rich in monounsaturated fatty acids and easily absorbed, the composition of jojoba oil is structurally similar to natural oils in the skin (sebum), has excellent emollient properties to maintain hydration and smooth your skin.</span></p>
<p class=""p2""><span class=""s1""></span><br></p>
<p class=""p1""><span class=""s2"">MCT oil: (Coconut oil)</span></p>
<p class=""p1""><span class=""s2"">With its deep hydrating capabilities, anti-inflammatory properties, nutrient-enhancing effects, and antioxidant-rich composition, MCT oil is a star ingredient all on its own! </span></p>
<p class=""p2""><span class=""s1""></span><br></p>
<p class=""p1""><span class=""s1"">Panthenol:</span></p>
<p class=""p1""><span class=""s1""> Is a humectant meaning it holds and binds water, and these properties mean that it is ideal when it comes to keeping water in the skin. It also works as an emollient which means it can moisturize and soothe the skin, as well as help, protect it from environmental factors and skin stresses. </span></p>
<p class=""p1""><span class=""s1"">Glycerin:</span></p>
<p class=""p1""><span class=""s1"">While glycerin is a moisturizing ingredient on its own, it’s even better when paired with other hydration-preserving elements like fellow Panthenol and humectant emollients like plant oils</span><span class=""s2"">.</span></p>
<p class=""p1""><span class=""s1"">Hydrated skin is one of the most straightforward pathways to healthy skin. So with a super-hydrating ingredient like glycerin, you can expect the skin to drink in all that moisture and the visible benefits to go along with it. Glycerin will also help your skin become softer yet stronger by <a href=""https://www.cnn.com/cnn-underscored/beauty/best-skin-barrier-creams"">keeping your skin barrier moisturized</a> and protected from environmental irritants.</span></p>
<p class=""p2""><span class=""s1""><br></span><br></p>
<p><span>Ingredients:</span></p>
<p><span>Aqua (Water), Butyrospermum Parkii (Shea Butter), Glycerin, Cetyl Alcohol, Caprylic/Capric Triglyceride (MCT (Coconut) Oil), Simmondsia Chinensis Seed Oil (Jojoba Oil), Cetearyl/Sorbitan Olivate (Olive M), Stearic Acid, Benzyl Alcohol (and) Salicylic Acid (and) Glycerin (and) Sorbic Acid (Eco/Geogard ECT), Tocopheryl Acetate (VitaminE), Panthenol, Parfum (Fragrance Oil).</span></p>
<p class=""p2""><span class=""s1""></span><br></p>
<p class=""p1""><span class=""s1"">Always formulated without: </span></p>
<p class=""p1""><span class=""s1"">Parabens,<span class=""Apple-converted-space"">  </span>Petroleum, Sulphates, Phthalates</span></p>
<!---->",SPIRIT BEAUTY,Health & Beauty > Personal Care > Cosmetics > Skin Care > Lotions & Moisturizers,"","",true,Title,Default Title,,,,,,,,"",212.6214234375,shopify,6,deny,manual,20.00,,true,true,"",https://cdn.shopify.com/s/files/1/0880/8294/0204/files/IMG_1992.jpg?v=1718412192,1,"",false,,,2592,,,,,,,,,,,,,,,,,,,,,,,,,,oz,,,true,,,true,,,true,,,active
karma-luxury-body-yogurt,,,,,,,,,,,,,,,,,,,,,,,,,,,,https://cdn.shopify.com/s/files/1/0880/8294/0204/files/IMG_1463_15a907ee-922e-4c2a-aa77-e91dcc93580d.jpg?v=1718412342,2,"",,,,,,,,,,,,,,,,,,,,,,,,,,,,,,,,,,,,,,,,,,
delightful-whipped-body-butter,Delightful Whipped Body Butter,"<p> </p>
<p>Experience pure decadence...<br>Natural, plant-based oils and butter whipped into a velvety dream that melts into the skin on contact. </p>
<p>An intensely moisturizing, soothing gift from nature that melts into the skin on contact…  This luxurious, hand-whipped blend of Shea, Kokum, &amp; Mango Butters, Coconut, Safflower &amp; Rose Hip Olis and other skin-loving ingredients. <span class=""s1"">The combination of these quality ingredients helps your regular skincare routine and has been used to help with skin conditions such as eczema and psoriasis. Its uses range from facial moisturizer to stretch marks to diaper rash. Indulge in the ultimate skincare experience with our Whipped Body Butter, and treat your skin to the pure, natural goodness it deserves</span></p>
<p class=""p1""><span class=""s1"">How To Use<br></span><span style=""font-size: 1rem;"" class=""s2"">Remember, </span><span style=""font-size: 1rem;"" class=""s3"">a little goes a long way! </span><span style=""font-size: 1rem;"" class=""s2"">Using a spatula scoop, take a small amount from the jar and place it on your fingers, or use clean, dry hands to scoop. Warm up the product by rubbing your fingers together for a moment and then massage onto your face and body with circular motions. You may use it after a shower on slightly damp skin, throughout the day as needed, focusing on problematic areas or even on the ends of your hair to seal in moisture and help prevent split ends. Use morning and night. Keep in cool, dry area and use within 6-8 months. Do not ingest. Do not get water into the product.</span></p>
<p><span>INGREDIENTS:</span></p>
<p><span> Butyrospermum Parkii Fruit (</span><span>Shea</span><span> </span><span>Butter</span><span>), Mangifera Indica (</span><span>Mango Butter</span><span>), Garcinia Indica (</span><span>Kokum Butter</span><span>), Helianthus Annuss (</span><span>Sunflower Oil)</span><span>, Cocos Nucifera (</span><span>Coconu</span><span>t </span><span>Oil</span><span>), Cathamus Tinctorius (</span><span>Safflower Oil</span><span>), Rosa Rubiginosa Seed Oil (Rose Hip Oil),  Manranta<span class=""Apple-converted-space""> </span></span><span> </span><span>Arundinacea Root (</span><span>Arrowroot Powder</span><span>), Tocopherol (</span><span>Vitamin E)</span><span>.</span></p>
<!---->",SPIRIT BEAUTY,Health & Beauty > Personal Care > Cosmetics > Skin Care > Lotions & Moisturizers,"","",true,Title,Default Title,,,,,,,,"",127.5728540625,shopify,6,deny,manual,18.00,,true,true,"",https://cdn.shopify.com/s/files/1/0880/8294/0204/files/IMG_2084.jpg?v=1718227073,1,"",false,,,2592,,,,,,,,,,,,,,,,,,,,,,,,,,oz,,,true,,,true,,,true,,,active
delightful-whipped-body-butter,,,,,,,,,,,,,,,,,,,,,,,,,,,,https://cdn.shopify.com/s/files/1/0880/8294/0204/files/IMG_2079.jpg?v=1718228154,2,"",,,,,,,,,,,,,,,,,,,,,,,,,,,,,,,,,,,,,,,,,,
sweetie-dry-body-oil,Sweetie Smoothing Body Oil,"<p class=""p1"" style=""margin: 0in; font-stretch: normal; font-size-adjust: none; font-kerning: auto; font-variant-alternates: normal; font-variant-ligatures: normal; font-variant-numeric: normal; font-variant-east-asian: normal; font-variant-position: normal; font-feature-settings: normal; font-optical-sizing: auto; font-variation-settings: normal; -webkit-text-size-adjust: auto;""> </p>
<p class=""p1"" style=""margin: 0in;""><span class=""s1"">Our Dry Body Oils are enriched with Jojoba, Apricot, Pomegranate, Rice Bran, and MCT Oils, our body oil delivers deep hydration to leave your skin feeling soft, smooth, and rejuvenated.</span></p>
<p class=""p1"" style=""margin: 0in; font-stretch: normal; font-size-adjust: none; font-kerning: auto; font-variant-alternates: normal; font-variant-ligatures: normal; font-variant-numeric: normal; font-variant-east-asian: normal; font-variant-position: normal; font-feature-settings: normal; font-optical-sizing: auto; font-variation-settings: normal; -webkit-text-size-adjust: auto;""> </p>
<p class=""p1"" style=""margin: 0in; font-stretch: normal; font-size-adjust: none; font-kerning: auto; font-variant-alternates: normal; font-variant-ligatures: normal; font-variant-numeric: normal; font-variant-east-asian: normal; font-variant-position: normal; font-feature-settings: normal; font-optical-sizing: auto; font-variation-settings: normal; -webkit-text-size-adjust: auto;""> </p>
<p class=""p1"" style=""margin: 0in; font-stretch: normal; font-size-adjust: none; font-kerning: auto; font-variant-alternates: normal; font-variant-ligatures: normal; font-variant-numeric: normal; font-variant-east-asian: normal; font-variant-position: normal; font-feature-settings: normal; font-optical-sizing: auto; font-variation-settings: normal; -webkit-text-size-adjust: auto;""><span class=""s1""><span>Jojoba oil as a skin moisturizer helps to maintain the outer layer of keratin on your skin, and it also helps to keep your skin supple since it is an emollient. Jojoba oil moisturizes your skin without blocking the pores. Since jojoba oil contains the same composition as natural oil, it stops excess oil production and maintains hydration for the skin. This makes it safe for almost all skin types, especially oily skin.</span></span></p>
<p class=""p2"" style=""margin: 0in; font-stretch: normal; font-size-adjust: none; font-kerning: auto; font-variant-alternates: normal; font-variant-ligatures: normal; font-variant-numeric: normal; font-variant-east-asian: normal; font-variant-position: normal; font-feature-settings: normal; font-optical-sizing: auto; font-variation-settings: normal; min-height: 29px; -webkit-text-size-adjust: auto;""> </p>
<p class=""p1"" style=""margin: 0in; font-stretch: normal; font-size-adjust: none; font-kerning: auto; font-variant-alternates: normal; font-variant-ligatures: normal; font-variant-numeric: normal; font-variant-east-asian: normal; font-variant-position: normal; font-feature-settings: normal; font-optical-sizing: auto; font-variation-settings: normal; -webkit-text-size-adjust: auto;""><span>Rosehip Oil is cold pressed and contains one of nature’s richest sources of essential fatty acids (Omega 3 &amp; 6), vitamins, and antioxidants. It is a potent anti-aging oil with more vitamin C than an orange or lemon!</span></p>
<p class=""p2"" style=""margin: 0in; font-stretch: normal; font-size-adjust: none; font-kerning: auto; font-variant-alternates: normal; font-variant-ligatures: normal; font-variant-numeric: normal; font-variant-east-asian: normal; font-variant-position: normal; font-feature-settings: normal; font-optical-sizing: auto; font-variation-settings: normal; min-height: 29px; -webkit-text-size-adjust: auto;""> Pomegranate Seed Oil<strong><span> </span></strong><span>is a light, moisturizing, and nourishing emollient for the skin. It is rich in Vitamin E. Pomegranate Oil is absorbed easily by the skin without leaving a greasy residue.</span><br></p>
<p class=""p2"" style=""margin: 0in; font-stretch: normal; font-size-adjust: none; font-kerning: auto; font-variant-alternates: normal; font-variant-ligatures: normal; font-variant-numeric: normal; font-variant-east-asian: normal; font-variant-position: normal; font-feature-settings: normal; font-optical-sizing: auto; font-variation-settings: normal; min-height: 29px; -webkit-text-size-adjust: auto;""> </p>
<p class=""p2"" style=""margin: 0in; font-stretch: normal; font-size-adjust: none; font-kerning: auto; font-variant-alternates: normal; font-variant-ligatures: normal; font-variant-numeric: normal; font-variant-east-asian: normal; font-variant-position: normal; font-feature-settings: normal; font-optical-sizing: auto; font-variation-settings: normal; min-height: 29px; -webkit-text-size-adjust: auto;""><span>Apricot Oil is a rejuvenating natural oil ideal for softening the appearance of fine lines and restoring a healthy glow to the skin. Rich in essential fatty acids, this gentle oil has excellent restorative properties that promote soft, radiant hair and help to soothe irritated skin</span></p>
<p class=""p2"" style=""margin: 0in; font-stretch: normal; font-size-adjust: none; font-kerning: auto; font-variant-alternates: normal; font-variant-ligatures: normal; font-variant-numeric: normal; font-variant-east-asian: normal; font-variant-position: normal; font-feature-settings: normal; font-optical-sizing: auto; font-variation-settings: normal; min-height: 29px; -webkit-text-size-adjust: auto;""> </p>
<p class=""p2"" style=""margin: 0in; font-stretch: normal; font-size-adjust: none; font-kerning: auto; font-variant-alternates: normal; font-variant-ligatures: normal; font-variant-numeric: normal; font-variant-east-asian: normal; font-variant-position: normal; font-feature-settings: normal; font-optical-sizing: auto; font-variation-settings: normal; min-height: 29px; -webkit-text-size-adjust: auto;""><span> Rice Bran Oil is rich in vitamin B, vitamin E, squalane, fatty acids, and more. It soothes, hydrates, protects the skin, and helps fight the signs of aging.</span></p>
<p class=""p2"" style=""margin: 0in; font-stretch: normal; font-size-adjust: none; font-kerning: auto; font-variant-alternates: normal; font-variant-ligatures: normal; font-variant-numeric: normal; font-variant-east-asian: normal; font-variant-position: normal; font-feature-settings: normal; font-optical-sizing: auto; font-variation-settings: normal; min-height: 29px; -webkit-text-size-adjust: auto;""> </p>
<p class=""p2"" style=""margin: 0in; font-stretch: normal; font-size-adjust: none; font-kerning: auto; font-variant-alternates: normal; font-variant-ligatures: normal; font-variant-numeric: normal; font-variant-east-asian: normal; font-variant-position: normal; font-feature-settings: normal; font-optical-sizing: auto; font-variation-settings: normal; min-height: 29px; -webkit-text-size-adjust: auto;""><span>MCT oil has anti-inflammatory properties that can help calm irritated or inflamed skin. It’s beneficial for those with conditions like eczema or psoriasis, as it can reduce redness, itching, and general discomfort, helps improve the skin’s elasticity, and defies wrinkles. These anti-aging benefits stem from its ability to moisturize and improve the skin’s youthfulness.</span></p>
<p class=""p2"" style=""margin: 0in; font-stretch: normal; font-size-adjust: none; font-kerning: auto; font-variant-alternates: normal; font-variant-ligatures: normal; font-variant-numeric: normal; font-variant-east-asian: normal; font-variant-position: normal; font-feature-settings: normal; font-optical-sizing: auto; font-variation-settings: normal; min-height: 29px; -webkit-text-size-adjust: auto;""> </p>
<p class=""p1"" style=""margin: 0in; font-stretch: normal; font-size-adjust: none; font-kerning: auto; font-variant-alternates: normal; font-variant-ligatures: normal; font-variant-numeric: normal; font-variant-east-asian: normal; font-variant-position: normal; font-feature-settings: normal; font-optical-sizing: auto; font-variation-settings: normal; -webkit-text-size-adjust: auto;""> </p>
<p class=""p2"" style=""margin: 0in; font-stretch: normal; font-size-adjust: none; font-kerning: auto; font-variant-alternates: normal; font-variant-ligatures: normal; font-variant-numeric: normal; font-variant-east-asian: normal; font-variant-position: normal; font-feature-settings: normal; font-optical-sizing: auto; font-variation-settings: normal; min-height: 29px; -webkit-text-size-adjust: auto;""> </p>
<p class=""p1"" style=""margin: 0in; font-stretch: normal; font-size-adjust: none; font-kerning: auto; font-variant-alternates: normal; font-variant-ligatures: normal; font-variant-numeric: normal; font-variant-east-asian: normal; font-variant-position: normal; font-feature-settings: normal; font-optical-sizing: auto; font-variation-settings: normal; -webkit-text-size-adjust: auto;""><span class=""s1"">Made up of a luxurious blend of plant-based oils that nourish and hydrate, this non-greasy, non-comedogenic blend is great at balancing any skin type! It is lightweight, quickly absorbed into the skin, and is perfect for any skin type. The scents keep you smelling, fabulous and fresh all day long. Custom scents and labels are available upon request.</span></p>
<p class=""p1"" style=""margin: 0in; font-stretch: normal; font-size-adjust: none; font-kerning: auto; font-variant-alternates: normal; font-variant-ligatures: normal; font-variant-numeric: normal; font-variant-east-asian: normal; font-variant-position: normal; font-feature-settings: normal; font-optical-sizing: auto; font-variation-settings: normal; -webkit-text-size-adjust: auto;""> </p>
<ul style=""margin-top: 0in; -webkit-text-size-adjust: auto;"" type=""disc"">
<ul style=""margin-top: 0in; font-stretch: normal; font-size-adjust: none; font-kerning: auto; font-variant-alternates: normal; font-variant-ligatures: normal; font-variant-numeric: normal; font-variant-east-asian: normal; font-variant-position: normal; font-feature-settings: normal; font-optical-sizing: auto; font-variation-settings: normal;"" type=""disc"">
<li class=""li1"" style=""margin-top: 0in; margin-bottom: 0in; mso-list: l0 level2 lfo1; tab-stops: list 1.0in; font-stretch: normal; font-size-adjust: none; font-kerning: auto; font-variant-alternates: normal; font-variant-ligatures: normal; font-variant-numeric: normal; font-variant-east-asian: normal; font-variant-position: normal; font-feature-settings: normal; font-optical-sizing: auto; font-variation-settings: normal;"">
<span class=""s1""><span style=""mso-fareast-font-family: 'Times New Roman';"">maintains healthy-looking skin</span></span><span style=""mso-fareast-font-family: 'Times New Roman';""></span>
</li>
<li class=""li1"" style=""margin-top: 0in; margin-bottom: 0in; mso-list: l0 level2 lfo1; tab-stops: list 1.0in; font-stretch: normal; font-size-adjust: none; font-kerning: auto; font-variant-alternates: normal; font-variant-ligatures: normal; font-variant-numeric: normal; font-variant-east-asian: normal; font-variant-position: normal; font-feature-settings: normal; font-optical-sizing: auto; font-variation-settings: normal;"">
<span class=""s1""><span style=""mso-fareast-font-family: 'Times New Roman';"">non-greasy body oil that reduces transepidermal water loss and helps retain a fast-absorbing, antioxidant-rich formula </span></span><span style=""mso-fareast-font-family: 'Times New Roman';""></span>
</li>
<li class=""li1"" style=""margin-top: 0in; margin-bottom: 0in; mso-list: l0 level2 lfo1; tab-stops: list 1.0in; font-stretch: normal; font-size-adjust: none; font-kerning: auto; font-variant-alternates: normal; font-variant-ligatures: normal; font-variant-numeric: normal; font-variant-east-asian: normal; font-variant-position: normal; font-feature-settings: normal; font-optical-sizing: auto; font-variation-settings: normal;"">
<span class=""s1""><span style=""mso-fareast-font-family: 'Times New Roman';"">provides all-day 24-hour moisture for dry skin</span></span><span style=""mso-fareast-font-family: 'Times New Roman';""></span>
</li>
<li class=""li1"" style=""margin-top: 0in; margin-bottom: 0in; mso-list: l0 level2 lfo1; tab-stops: list 1.0in; font-stretch: normal; font-size-adjust: none; font-kerning: auto; font-variant-alternates: normal; font-variant-ligatures: normal; font-variant-numeric: normal; font-variant-east-asian: normal; font-variant-position: normal; font-feature-settings: normal; font-optical-sizing: auto; font-variation-settings: normal;"">
<span class=""s1""><span style=""mso-fareast-font-family: 'Times New Roman';"">Free of parabens, sulfates, phthalates, mineral oil and petroleum.</span></span><span style=""mso-fareast-font-family: 'Times New Roman';""></span>
</li>
</ul>
</ul>
<p class=""p2"" style=""margin: 0in; font-stretch: normal; font-size-adjust: none; font-kerning: auto; font-variant-alternates: normal; font-variant-ligatures: normal; font-variant-numeric: normal; font-variant-east-asian: normal; font-variant-position: normal; font-feature-settings: normal; font-optical-sizing: auto; font-variation-settings: normal; min-height: 29px; -webkit-text-size-adjust: auto;""> Scent Motes:</p>
<p class=""p2"" style=""margin: 0in; font-stretch: normal; font-size-adjust: none; font-kerning: auto; font-variant-alternates: normal; font-variant-ligatures: normal; font-variant-numeric: normal; font-variant-east-asian: normal; font-variant-position: normal; font-feature-settings: normal; font-optical-sizing: auto; font-variation-settings: normal; min-height: 29px; -webkit-text-size-adjust: auto;""> </p>
<p class=""p2"" style=""margin: 0in; font-stretch: normal; font-size-adjust: none; font-kerning: auto; font-variant-alternates: normal; font-variant-ligatures: normal; font-variant-numeric: normal; font-variant-east-asian: normal; font-variant-position: normal; font-feature-settings: normal; font-optical-sizing: auto; font-variation-settings: normal; min-height: 29px; -webkit-text-size-adjust: auto;"">Top: Peach</p>
<p class=""p2"" style=""margin: 0in; font-stretch: normal; font-size-adjust: none; font-kerning: auto; font-variant-alternates: normal; font-variant-ligatures: normal; font-variant-numeric: normal; font-variant-east-asian: normal; font-variant-position: normal; font-feature-settings: normal; font-optical-sizing: auto; font-variation-settings: normal; min-height: 29px; -webkit-text-size-adjust: auto;"">Middle: French Vanilla </p>
<p class=""p2"" style=""margin: 0in; font-stretch: normal; font-size-adjust: none; font-kerning: auto; font-variant-alternates: normal; font-variant-ligatures: normal; font-variant-numeric: normal; font-variant-east-asian: normal; font-variant-position: normal; font-feature-settings: normal; font-optical-sizing: auto; font-variation-settings: normal; min-height: 29px; -webkit-text-size-adjust: auto;"">Bottom: Papaya</p>
<p class=""p2"" style=""margin: 0in; font-stretch: normal; font-size-adjust: none; font-kerning: auto; font-variant-alternates: normal; font-variant-ligatures: normal; font-variant-numeric: normal; font-variant-east-asian: normal; font-variant-position: normal; font-feature-settings: normal; font-optical-sizing: auto; font-variation-settings: normal; min-height: 29px; -webkit-text-size-adjust: auto;""> </p>
<p class=""p2"" style=""margin: 0in; font-stretch: normal; font-size-adjust: none; font-kerning: auto; font-variant-alternates: normal; font-variant-ligatures: normal; font-variant-numeric: normal; font-variant-east-asian: normal; font-variant-position: normal; font-feature-settings: normal; font-optical-sizing: auto; font-variation-settings: normal; min-height: 29px; -webkit-text-size-adjust: auto;""> <span class=""s1"">To use:  spray directly on the skin or combine with your favorite moisturizer.  For best results, use after a shower or bath.  </span></p>
<p class=""p1"" style=""margin: 0in; font-stretch: normal; font-size-adjust: none; font-kerning: auto; font-variant-alternates: normal; font-variant-ligatures: normal; font-variant-numeric: normal; font-variant-east-asian: normal; font-variant-position: normal; font-feature-settings: normal; font-optical-sizing: auto; font-variation-settings: normal; -webkit-text-size-adjust: auto;""> </p>
<p class=""p1"" style=""margin: 0in; font-stretch: normal; font-size-adjust: none; font-kerning: auto; font-variant-alternates: normal; font-variant-ligatures: normal; font-variant-numeric: normal; font-variant-east-asian: normal; font-variant-position: normal; font-feature-settings: normal; font-optical-sizing: auto; font-variation-settings: normal; -webkit-text-size-adjust: auto;""><span class=""s1""><span class=""OYPEnA text-decoration-none text-strikethrough-none"">INGREDIENTS:</span><span class=""OYPEnA text-decoration-none text-strikethrough-none white-space-prewrap""> </span><span class=""OYPEnA text-decoration-none text-strikethrough-none"">Caprylic/capric triglyceride (MCT Oil), Rosa Rubiginosa (Rosehip Seed Oil), Punica Granatum (Pomegranate Seed Oil), Prunus Armeniaca (Apricot Kernal Oil), Oryza Sativa (Rice Bran Oil), Simmondsia Chinensis (Jojoba Seed Oil), Parfum, (Phthalate &amp; Paraben Free Fragrance Oil)</span></span></p>
<!---->",SPIRIT BEAUTY,Health & Beauty > Personal Care > Cosmetics > Skin Care > Body Oil,Skincare,"",true,Title,Default Title,,,,,,,,"",56.69904625,shopify,6,deny,manual,10.00,,true,true,"",https://cdn.shopify.com/s/files/1/0880/8294/0204/files/IMG_1993.jpg?v=1718138713,1,"",false,,,6104,,,,,,,,,,,,,,,,,,,,,,,,,,oz,,,true,,,true,,,true,,,active
harmony-body-yogurt,Harmony Body Yogurt,"<p><span style=""font-size: 1rem;"">Introducing our Luxury Body Yogurt - a luxurious lotion that nourishes your skin with a light and creamy texture that your will most definitely fall in love with! Indulge in a velvety smooth experience that absorbs quickly, leaving your skin feeling soft and hydrated all day long. Embrace the goodness of Body Yogurt for a truly refreshing and revitalizing skincare routine.</span><br></p>
<p> </p>
<p class=""p1""><span class=""s1"">HOW TO USE</span></p>
<p class=""p1""><span class=""s1"">Apply after showering and daily as needed. Massage in circular motions until fully absorbed. A little goes a very long way!</span></p>
<p class=""p1""> </p>
<p class=""p1""><span class=""s1"">Star Ingredients:</span></p>
<p class=""p1""><span class=""s1"">Shea Butter: </span></p>
<p class=""p1""><span class=""s1"">Shea butter is an excellent hydrating, antioxidant and anti-inflammatory ingredient for softening, nourishing and protecting the skin. It increases moisture retention in the skin, resulting in revitalized</span></p>
<p class=""p2""><span class=""s1""></span><br></p>
<p class=""p1""><span class=""s1"">Jojoba Oil:</span></p>
<p class=""p1""><span class=""s1"">Rich in monounsaturated fatty acids and easily absorbed, the composition of jojoba oil is structurally similar to natural oils in the skin (sebum), has excellent emollient properties to maintain hydration and smooth your skin.</span></p>
<p class=""p2""><span class=""s1""></span><br></p>
<p class=""p1""><span class=""s2"">MCT oil: (Coconut oil)</span></p>
<p class=""p1""><span class=""s2"">With its deep hydrating capabilities, anti-inflammatory properties, nutrient-enhancing effects, and antioxidant-rich composition, MCT oil is a star ingredient all on its own! </span></p>
<p class=""p2""><span class=""s1""></span><br></p>
<p class=""p1""><span class=""s1"">Panthenol:</span></p>
<p class=""p1""><span class=""s1""> Is a humectant meaning it holds and binds water, and these properties mean that it is ideal when it comes to keeping water in the skin. It also works as an emollient which means it can moisturize and soothe the skin, as well as help, protect it from environmental factors and skin stresses. </span></p>
<p class=""p1""><span class=""s1"">Glycerin:</span></p>
<p class=""p1""><span class=""s1"">While glycerin is a moisturizing ingredient on its own, it’s even better when paired with other hydration-preserving elements like fellow Panthenol and humectant emollients like plant oils</span><span class=""s2"">.</span></p>
<p class=""p1""><span class=""s1"">Hydrated skin is one of the most straightforward pathways to healthy skin. So with a super-hydrating ingredient like glycerin, you can expect the skin to drink in all that moisture and the visible benefits to go along with it. Glycerin will also help your skin become softer yet stronger by <a href=""https://www.cnn.com/cnn-underscored/beauty/best-skin-barrier-creams"">keeping your skin barrier moisturized</a> and protected from environmental irritants.</span></p>
<p class=""p2""><span class=""s1""><br></span><br></p>
<p><span>Ingredients:</span></p>
<p><span>Aqua (Water), Butyrospermum Parkii (Shea Butter), Glycerin, Cetyl Alcohol, Caprylic/Capric Triglyceride (MCT (Coconut) Oil), Simmondsia Chinensis Seed Oil (Jojoba Oil), Cetearyl/Sorbitan Olivate (Olive M), Stearic Acid, Benzyl Alcohol (and) Salicylic Acid (and) Glycerin (and) Sorbic Acid (Eco/Geogard ECT), Tocopheryl Acetate (VitaminE), Panthenol, Parfum (Fragrance Oil).</span></p>
<p class=""p2""><span class=""s1""></span><br></p>
<p class=""p1""><span class=""s1"">Always formulated without: </span></p>
<p class=""p1""><span class=""s1"">Parabens,<span class=""Apple-converted-space"">  </span>Petroleum, Sulphates, Phthalates.</span></p>
<p class=""p2""> </p>
<!---->",SPIRIT BEAUTY,Health & Beauty,"","",true,Title,Default Title,,,,,,,,"",218.2913280625,shopify,6,deny,manual,20.00,,true,true,"",https://cdn.shopify.com/s/files/1/0880/8294/0204/files/IMG_1967.jpg?v=1718138232,1,"",false,,,469,,,,,,,,,,,,,,,,,,,,,,,,,,oz,,,true,,,true,,,true,,,active
harmony-body-yogurt,,,,,,,,,,,,,,,,,,,,,,,,,,,,https://cdn.shopify.com/s/files/1/0880/8294/0204/files/IMG_1463_1dc6a5f4-d9f0-4d76-a76a-59710bf211d3.jpg?v=1718138264,2,"",,,,,,,,,,,,,,,,,,,,,,,,,,,,,,,,,,,,,,,,,,
karma-foaming-body-polish,Karma Foaming Body Polish,"<p> </p>
<p class=""p1""><span class=""s1"">Treat your skin to a whipped creamy soap with sugar granules that will exfoliate, cleanse and moisturize all in one wonderful product.</span></p>
<p class=""p1""><span class=""s1""> </span><span style=""font-size: 1rem;"">What is a Foaming Body Polish?</span></p>
<p class=""p1""><span class=""s1"">A gentle and creamy soap base made with moisturizing coconut oil which is hand whipped to silky perfection and enhanced with sugar granules for gently sloughing off dead skin cells to reveal soft glowing skin.</span></p>
<p class=""p1""><span class=""s1""> </span><span style=""font-size: 1rem;"">Our formula is free of parabens, phthalates and sulfates. Made with only the best ingredients to nourish your skin while not harming you or the environment. </span></p>
<p class=""p2""><span style=""font-size: 1rem;"">DETAILS</span><br><span class=""s1""></span></p>
<p class=""p2""><span style=""font-size: 1rem;"">Each Sugar Scrub is 10oz and is packaged in a BPA-free, recyclable plastic jar. </span><br><span class=""s1""></span></p>
<p class=""p1""><span class=""s1"">Made is small batches to ensure freshness. Free of parabens, phthalates and is cruelty free.</span></p>
<p class=""p2""><span class=""s1""></span><br></p>
<p class=""p1""><span class=""s1"">This generous size jar is perfect for gift giving as bridesmaids gifts, birthdays, new moms, graduation and for anyone who needs a little reminder of how much they are loved.</span></p>
<p class=""p1""> </p>
<p class=""p1""><span class=""s1""><span>Description</span></span></p>
<div class=""cc-accordion-item__panel"">
<div class=""cc-accordion-item__content rte cf"">
<p>An alluring blend of s<span>picy patchouli is complemented with refreshing lemongrass, orange oil and pine oil to create a clean and lovely scent</span></p>
</div>
</div>
<p class=""p1""> </p>
<p data-mce-fragment=""1"">Indulge in our version of the popular LUSH “Karma”.</p>
<p data-mce-fragment=""1""> </p>
<p data-mce-fragment=""1""><strong style=""font-size: 1rem;"">Top -</strong><span style=""font-size: 1rem;"" class=""note comment mores1"">Citrus, lemongrass</span></p>
<p><strong>Middle -</strong><span class=""note comment mores1"">Patchouli</span></p>
<p><strong>Bottom -</strong><span class=""note comment mores1"">Musk</span></p>
<ul>
<li>Shelf life of 1 year from the time of purchase.</li>
<li>
<span></span>No Palm oil, phthalate, sulphate, petroleum and paraben</li>
<li>
<span></span>Only ever tested on willing humans</li>
<li>
<span></span>100% vegan</li>
<li>For external use only - do not eat</li>
</ul>
<p><strong>Direction/Uses:</strong></p>
<p><span data-mce-fragment=""1"">To use  apply desired amount to your palm or loofah and rub in circular motion on wet skin until sugar crystals are dissolved. Rinse thoroughly and follow with Luxury Body Yogurt, Body Butter, or Body Oil from our shop.</span> </p>
<p><span>INGREDIENTS: Sucrose (Sugar), Aqua (Distilled Water), Sodium Cocoyl Isethionate (Baby Foam), Cocos Nucifera (Coconut Oil), Simmondsia (Jojoba Oil), Glycerine, Coco Glucoside, Stearic Acid, Glyceryl Stearate (and) Cetearyl Alcohol (and) Sodium Stearyl Lactylate (ECO Cert Emulsifier), Benzyl Alcohol (and) Salicylic Acid (and) Glycerin (and) Sorbic Acid (Eco Cert Preservative), Propandiol, Parfume (Fragrance).</span></p>
<!---->",SPIRIT BEAUTY,Health & Beauty > Personal Care > Cosmetics > Skin Care,Body Polish,"",true,Title,Default Title,,,,,,,,,283.49523125,shopify,6,deny,manual,25.00,,true,true,,https://cdn.shopify.com/s/files/1/0880/8294/0204/files/IMG_1988_b06d7d28-c209-4656-b66b-6831e7b9c3bb.jpg?v=1717768275,1,"",false,,"Treat your skin to a whipped creamy soap with sugar granules that will exfoliate, cleanse and moisturize all in one wonderful product. What is a Foaming Body Polish? A gentle and creamy soap base made with moisturizing coconut oil which is hand whipped to silky perfection and enhanced with sugar granules for gently sloughing off dead skin cells to reveal soft glowing skin. Our formula is free of parabens, phthalates and sulfates. Made with only the best ingredients to nourish your skin while not harming you or the environment. 

DETAILS Each Sugar Scrub is 10oz and is packaged in a BPA-free, recyclable plastic jar. Made is small batches to ensure freshness. Free of parabens, phthalates, formaldehyde, and is cruelty free. This generous size jar is perfect for gift giving as bridesmaids gifts, birthdays, new moms, graduation and for anyone who needs a little reminder of how much they are loved. Gift bundles are also available.

 INGREDIENTS: Sucrose (Sugar), Aqua (Distilled Water), Sodium Cocoyl Isethionate (Baby Foam), Cocos Nucifera (Coconut Oil), Simmondsia (Jojoba Oil), Glycerine, Coco Glucoside, Stearic Acid, Glyceryl Stearate (and) Cetearyl Alcohol (and) Sodium Stearyl Lactylate (ECO Cert Emulsifier), Benzyl Alcohol (and) Salicylic Acid (and) Glycerin (and) Sorbic Acid (Eco Cert Preservative), Propandiol, Parfume (Fragrance).",567,,,,,,,,,,,,,,,,,,,,,,,,,,oz,,25.00,true,,,true,,,true,,,active
karma-foaming-body-polish,,,,,,,,,,,,,,,,,,,,,,,,,,,,https://cdn.shopify.com/s/files/1/0880/8294/0204/files/IMG_2122.jpg?v=1718416809,2,"",,,,,,,,,,,,,,,,,,,,,,,,,,,,,,,,,,,,,,,,,,
tranquility-body-polish,Tranquility Body Polish,"<p class=""p1""><span class=""s1"">Treat your skin to a whipped creamy soap with sugar granules that will exfoliate, cleanse and moisturize all in one wonderful product.</span></p>
<p class=""p1""><span class=""s1""> </span><span style=""font-size: 1rem;"">What is a Foaming Body Polish?</span></p>
<p class=""p1""><span class=""s1"">A gentle and creamy soap base made with moisturizing coconut oil which is hand whipped to silky perfection and enhanced with sugar granules for gently sloughing off dead skin cells to reveal soft glowing skin.</span></p>
<p class=""p1""><span class=""s1""> </span><span style=""font-size: 1rem;"">Our formula is free of parabens, phthalates, and sulfates. Made with only the best ingredients to nourish your skin while not harming you or the environment. <br></span></p>
<div class=""accordion__content rte"">
<div class=""metafield-rich_text_field"">
<p>Description: Immerse yourself in <meta charset=""UTF-8""><span>clean lavender, crisp bergamot, and refreshing mint notes intertwined with clove spice, fragrant lily of the valley, and warm cinnamon. Golden amber, minty</span><span data-mce-fragment=""1""> </span><span class=""morecontent"" data-mce-fragment=""1""><span data-mce-fragment=""1"">patchouli, and sweet myrrh notes blend to enhance and complete this fragrant accord. </span></span></p>
<p> </p>
<p data-mce-fragment=""1""><strong data-mce-fragment=""1"">Top -</strong><span class=""note comment mores1"" data-mce-fragment=""1"">Lavender, bergamot,<span data-mce-fragment=""1""> </span><span class=""morecontent"" data-mce-fragment=""1""><span data-mce-fragment=""1"">mint</span></span></span></p>
<p data-mce-fragment=""1""><strong data-mce-fragment=""1"">Middle -</strong><span class=""note comment mores1"" data-mce-fragment=""1"">Clove, lily of the v<span class=""morecontent"" data-mce-fragment=""1""><span data-mce-fragment=""1"">alley, cinnamon</span></span></span></p>
<p data-mce-fragment=""1""><strong data-mce-fragment=""1"">Bottom -</strong><span class=""note comment mores1"" data-mce-fragment=""1"">Amber, patchouli, my<span class=""morecontent"" data-mce-fragment=""1""><span data-mce-fragment=""1"">rrh</span></span></span></p>
<p> </p>
</div>
</div>
<!---->",SPIRIT BEAUTY,Health & Beauty > Personal Care > Cosmetics > Skin Care > Lotions & Moisturizers,Skincare,"",true,Title,Default Title,,,,,,,,"",283.49523125,shopify,6,deny,manual,25.00,,true,true,"",https://cdn.shopify.com/s/files/1/0880/8294/0204/files/IMG_1966_39a40c7d-4429-4a09-a9c4-006081320c7e.jpg?v=1718457536,1,"",false,,,2592,,,,,,,,,,,,,,,,,,,,,,,,,,oz,,,true,,,true,,,true,,,active
tranquility-body-polish,,,,,,,,,,,,,,,,,,,,,,,,,,,,https://cdn.shopify.com/s/files/1/0880/8294/0204/files/IMG_2122_3ceb13aa-c424-4628-8671-5fe13706cd18.jpg?v=1718457547,2,"",,,,,,,,,,,,,,,,,,,,,,,,,,,,,,,,,,,,,,,,,,
foaming-body-polish-copy,Serenity Foaming Body Polish,"<p> </p>
<p class=""p1""><span class=""s1"">Treat your skin to a whipped creamy soap with sugar granules that will exfoliate, cleanse and moisturize all in one wonderful product.</span></p>
<p class=""p1""><span class=""s1""> </span><span style=""font-size: 1rem;"">What is a Foaming Body Polish?</span></p>
<p class=""p1""><span class=""s1"">A gentle and creamy soap base made with moisturizing coconut oil which is hand whipped to silky perfection and enhanced with sugar granules for gently sloughing off dead skin cells to reveal soft glowing skin.</span></p>
<p class=""p1""><span class=""s1""> </span><span style=""font-size: 1rem;"">Our formula is free of parabens, phthalates and sulfates. Made with only the best ingredients to nourish your skin while not harming you or the environment. <br></span></p>
<div class=""accordion__content rte"">
<div class=""metafield-rich_text_field"">
<p>Description: Immerse yourself in our version of Brazilian Crush Cheirosa 68, with vibrant notes of Brazilian Jasmine, pink dragonfruit, and sheer vanilla. Feels unexpectedly fresh.</p>
<p><strong style=""font-size: 1rem;"">Top:</strong><span style=""font-size: 1rem;""> Pink Dragonfruit, Lychee Essence</span></p>
<p><strong style=""font-size: 1rem;"">Mid:</strong><span style=""font-size: 1rem;""> Brazilian Jasmine, Ocean Air, Hibiscus<br></span><strong style=""font-size: 1rem;""></strong></p>
<p><strong style=""font-size: 1rem;"">Dry:</strong><span style=""font-size: 1rem;""> Sheer Vanilla, Sun Musk</span></p>
<p> </p>
<p><strong>Notes:</strong></p>
<ul>
<li>Shelf life of 1 year from the time of purchase.</li>
<li>
<span></span>No Palm oil, phthalate, sulphate, petroleum and paraben</li>
<li>
<span></span>Only ever tested on willing humans</li>
<li>
<span></span>100% vegan</li>
<li>For external use only - do not eat</li>
</ul>
<p><strong>Direction/Uses:</strong></p>
<p><span data-mce-fragment=""1"">To use  apply desired amount to your palm or loofah and rub in circular motion on wet skin until sugar crystals are dissolved. Rinse thoroughly and follow with Luxury Body Yogurt, Whipped Body butter, or Body Oil from our shop.</span> </p>
</div>
</div>
<p class=""p1""> </p>
<p><span>INGREDIENTS: Sucrose (Sugar), Aqua (Distilled Water), Sodium Cocoyl Isethionate (Baby Foam), Cocos Nucifera (Coconut Oil), Simmondsia (Jojoba Oil), Glycerine, Coco Glucoside, Stearic Acid, Glyceryl Stearate (and) Cetearyl Alcohol (and) Sodium Stearyl Lactylate (ECO Cert Emulsifier), Benzyl Alcohol (and) Salicylic Acid (and) Glycerin (and) Sorbic Acid (Eco Cert Preservative), Propandiol, Parfume (Fragrance).</span></p>
<!---->",SPIRIT BEAUTY,Health & Beauty > Personal Care > Cosmetics > Skin Care,Body Polish,"",true,Title,Default Title,,,,,,,,"",283.49523125,shopify,6,deny,manual,24.00,,true,true,"",https://cdn.shopify.com/s/files/1/0880/8294/0204/files/IMG_1984_c2283ebd-f443-4333-a4af-2fa7530e2cb8.jpg?v=1717766367,1,"",false,Serenity Foaming Body Polish ,"Treat your skin to a whipped creamy soap with sugar granules that will exfoliate, cleanse and moisturize all in one wonderful product. What is a Foaming Body Polish? A gentle and creamy soap base made with moisturizing Coconut  & Jojoba oils, is hand whipped to silky perfection and enhanced with sugar granules for gently sloughing off dead skin cells to reveal soft glowing skin. Our formula is free of parabens, phthalates and sulfates. Made with only the best ingredients to nourish your skin while not harming you or the environment. 

Top: Pink Dragonfruit, Lychee EssenceMid: Brazilian Jasmine, Ocean Air, HibiscusDry: Sheer Vanilla, Sun Musk 

INGREDIENTS: Sucrose (Sugar), Aqua (Distilled Water), Sodium Cocoyl Isethionate (Baby Foam), Cocos Nucifera (Coconut Oil), Simmondsia (Jojoba Oil), Glycerine, Coco Glucoside, Stearic Acid, Glyceryl Stearate (and) Cetearyl Alcohol (and) Sodium Stearyl Lactylate (ECO Cert Emulsifier), Benzyl Alcohol (and) Salicylic Acid (and) Glycerin (and) Sorbic Acid (Eco Cert Preservative), Propandiol, Parfume (Fragrance).",567,,,,,,,,,,,,,,,,,,,,,,,,,,oz,,24.00,true,,,true,,,true,,,active
foaming-body-polish-copy,,,,,,,,,,,,,,,,,,,,,,,,,,,,https://cdn.shopify.com/s/files/1/0880/8294/0204/files/IMG_2122_6616d17c-4939-49c6-8919-e0e48a47a782.jpg?v=1718416897,2,"",,,,,,,,,,,,,,,,,,,,,,,,,,,,,,,,,,,,,,,,,,
foaming-body-polish,Harmony Foaming Body Polish,"<p> </p>
<p class=""p1""><span class=""s1"">Treat your skin to a whipped creamy soap with sugar granules that will exfoliate, cleanse and moisturize all in one wonderful product.</span></p>
<p class=""p1""><span class=""s1""> </span><span style=""font-size: 1rem;"">What is a Foaming Body Polish?</span></p>
<p class=""p1""><span class=""s1"">A gentle and creamy soap base made with moisturizing coconut oil which is hand whipped to silky perfection and enhanced with sugar granules for gently sloughing off dead skin cells to reveal soft glowing skin.</span></p>
<p class=""p1""><span class=""s1""> </span><span style=""font-size: 1rem;"">Our formula is free of parabens, phthalates and sulfates. Made with only the best ingredients to nourish your skin while not harming you or the environment. </span></p>
<p class=""p2""><span style=""font-size: 1rem;"">DETAILS</span><br><span class=""s1""></span></p>
<p class=""p2""><span style=""font-size: 1rem;"">Each Sugar Scrub is 10oz and is packaged in a BPA-free, recyclable plastic jar. </span><br><span class=""s1""></span></p>
<p class=""p1""><span class=""s1"">Made is small batches to ensure freshness. Free of parabens, phthalates and is cruelty free.</span></p>
<p class=""p2""><span class=""s1""></span><br></p>
<p class=""p1""><span class=""s1"">This generous size jar is perfect for gift giving as bridesmaids gifts, birthdays, new moms, graduation and for anyone who needs a little reminder of how much they are loved.</span></p>
<p class=""p1""> </p>
<p class=""p1""><span class=""s1""><span>Description</span></span></p>
<div class=""cc-accordion-item__panel"">
<div class=""cc-accordion-item__content rte cf"">
<p>A delightful blend of nutty pistachio and almond aromas intertwine with the gentle floral fragrances of heliotrope and jasmine. This decadently warm concoction is grounded in a base of caramel, sandalwood, and vanilla, with a subtle hint of salt adding depth to its vibrant sweetness.</p>
</div>
</div>
<p class=""p1""> </p>
<p data-mce-fragment=""1"">Indulge in our version of the popular “Bum Bum fragrance.</p>
<ul>
<li>Top: <span data-mce-fragment=""1"">Pistachio</span>
</li>
<li>Middle:  Coconut &amp; Tiare</li>
<li>Bottom: <strong data-mce-fragment=""1""><span data-mce-fragment=""1""> </span></strong><span data-mce-fragment=""1"">Salted Caramel, Vanilla</span>
</li>
</ul>
<p><strong>Notes:</strong></p>
<ul>
<li>Shelf life of 1 year from the time of purchase.</li>
<li>
<span></span>No Palm oil, phthalate, sulphate, petroleum and paraben</li>
<li>
<span></span>Only ever tested on willing humans</li>
<li>
<span></span>100% vegan</li>
<li>For external use only - do not eat</li>
</ul>
<p><strong>Direction/Uses:</strong></p>
<p><span data-mce-fragment=""1"">To use  apply desired amount to your palm or loofah and rub in circular motion on wet skin until sugar crystals are dissolved. Rinse thoroughly and follow with Luxury Body Yogurt, Body Butter, or Body Oil from our shop.</span> </p>
<p><span>INGREDIENTS: Sucrose (Sugar), Aqua (Distilled Water), Sodium Cocoyl Isethionate (Baby Foam), Cocos Nucifera (Coconut Oil), Simmondsia (Jojoba Oil), Glycerine, Coco Glucoside, Stearic Acid, Glyceryl Stearate (and) Cetearyl Alcohol (and) Sodium Stearyl Lactylate (ECO Cert Emulsifier), Benzyl Alcohol (and) Salicylic Acid (and) Glycerin (and) Sorbic Acid (Eco Cert Preservative), Propandiol, Parfume (Fragrance).</span></p>
<!---->",SPIRIT BEAUTY,Health & Beauty > Personal Care > Cosmetics > Skin Care,Body Polish,"",true,Title,Default Title,,,,,,,,"",283.49523125,shopify,5,deny,manual,25.00,,true,true,"",https://cdn.shopify.com/s/files/1/0880/8294/0204/files/IMG_1955_fc863bdb-5a40-4cb3-9322-d5b803298c4f.jpg?v=1717766273,1,"",false,,"Treat your skin to a whipped creamy soap with sugar granules that will exfoliate, cleanse and moisturize all in one wonderful product. What is a Foaming Body Polish? A gentle and creamy soap base made with moisturizing coconut oil which is hand whipped to silky perfection and enhanced with sugar granules for gently sloughing off dead skin cells to reveal soft glowing skin. Our formula is free of parabens, phthalates and sulfates. Made with only the best ingredients to nourish your skin while not harming you or the environment. 

DETAILS Each Sugar Scrub is 10oz and is packaged in a BPA-free, recyclable plastic jar. Made is small batches to ensure freshness. Free of parabens, phthalates, formaldehyde, and is cruelty free. This generous size jar is perfect for gift giving as bridesmaids gifts, birthdays, new moms, graduation and for anyone who needs a little reminder of how much they are loved. Gift bundles are also available.

 INGREDIENTS: Sucrose (Sugar), Aqua (Distilled Water), Sodium Cocoyl Isethionate (Baby Foam), Cocos Nucifera (Coconut Oil), Simmondsia (Jojoba Oil), Glycerine, Coco Glucoside, Stearic Acid, Glyceryl Stearate (and) Cetearyl Alcohol (and) Sodium Stearyl Lactylate (ECO Cert Emulsifier), Benzyl Alcohol (and) Salicylic Acid (and) Glycerin (and) Sorbic Acid (Eco Cert Preservative), Propandiol, Parfume (Fragrance).",567,,,,,,,,,,,,,,,,,,,,,,,,,,oz,,25.00,true,,,true,,,true,,,active
foaming-body-polish,,,,,,,,,,,,,,,,,,,,,,,,,,,,https://cdn.shopify.com/s/files/1/0880/8294/0204/files/IMG_2122_a56b7d5e-c855-4383-9e30-d873066d03f2.jpg?v=1718416847,2,"",,,,,,,,,,,,,,,,,,,,,,,,,,,,,,,,,,,,,,,,,,
